0.00018239477279476454,35913.696375674896,-0.027766833025573735,0.02654012113940797,1.0
0.00018086784288285157,34703.684343962836,-0.027176646486328122,0.026306778726451832,1.0
5.451853153894855e-05,39653.12886617894,-0.028057782003051757,0.026966385780349662,1.0
5.0810571512308015e-05,37475.251386385215,-0.027453048857421874,0.026555555101142138,1.0
3.8461159361744805e-05,27833.557965725286,-0.028106157641479494,0.02524175125964941,1.0
8.702530784733206e-05,35100.79681837942,-0.02813278056591797,0.027022075252100784,1.0
0.0002583256801840826,36203.33959416504,-0.027963876585144043,0.027408628446297278,1.0
0.00016786161540948894,34969.05403778436,-0.02878812572723389,0.027407908501787526,1.0
5.892412659395441e-05,49060.99359891457,-0.027983764372070313,0.030061753206538696,1.0
0.00011337081873507244,38917.715952687984,-0.027953601218322757,0.028115907359781016,1.0
0.00020159284916256357,52694.22470025475,-0.028054037044738772,0.029831855768644465,1.0
0.00021927527885850988,34419.74028019236,-0.027979260231506348,0.026956942568649833,1.0
5.747858872324098e-05,41547.43999764164,-0.02796343844091797,0.027177966889585608,1.0
0.00013385300802411725,35246.65565029061,-0.02804543448754883,0.0259290468319953,1.0
4.9156728361960624e-05,35728.6683766355,-0.02787526612524414,0.025874084929874284,1.0
0.0001375066048257219,33067.881545842574,-0.028008489733764647,0.025579332020586723,1.0
0.00010944090261763388,29088.707579781276,-0.027735826558044435,0.025018410413230854,1.0
5.621698510672341e-05,48782.108356457524,-0.02790377987475586,0.027482159783320873,1.0
0.00011893125817988958,46795.38779026545,-0.02791327560168457,0.02717493858547514,1.0
5.962426773867407e-05,56713.60770153943,-0.027928847578613282,0.028467284286529743,1.0
7.060624754987241e-05,29303.02041420178,-0.027915644979064944,0.025086038539283276,1.0
0.00011693424333072238,44696.663953510775,-0.027872197067199705,0.02694035561179155,1.0
7.482728169040002e-05,44012.94327259631,-0.02776897381604004,0.026401481324817358,1.0
0.0002065788999934259,48819.45606745061,-0.027806494043029786,0.027493780737166202,1.0
7.244584793146892e-05,51897.72340172114,-0.02776379506842041,0.027340296486293564,1.0
0.00011137654117758155,35552.34295450533,-0.027829630049560548,0.025882713205564557,1.0
0.00011353005194335738,41506.12269795407,-0.027740364478637695,0.02664845567864767,1.0
2.269584706154622e-05,30435.252075192777,-0.027730422213256837,0.025205768277471587,1.0
2.9070992165475724e-05,34602.29587343546,-0.02759817495941162,0.025411479284695213,1.0
5.4023852247181505e-05,23307.163198716014,-0.027729203946350096,0.02454912161235016,1.0
9.885022248081618e-05,40119.99580291282,-0.026838727196166992,0.02683346101339796,1.0
0.0001323959430167197,40421.888157172834,-0.027670366445190428,0.026977810298921562,1.0
0.00016472415388716518,32967.5002480072,-0.02773346002355957,0.02596192616096906,1.0
6.205522784339345e-05,17429.60556663422,-0.02780320226605225,0.0232280423737464,1.0
9.332525842509631e-05,28630.531241875335,-0.027726735263305664,0.024842225460980392,1.0
7.526327081934765e-05,26085.28874195786,-0.027503106512207033,0.02446370281173109,1.0
4.118131889583728e-05,24502.009207259434,-0.027006802069458005,0.024183998260234,1.0
6.105979709238298e-05,23614.748879884235,-0.027637325232360843,0.024325835016213947,1.0
3.240657613307514e-05,21285.817230514323,-0.027191286058837895,0.02395056123800853,1.0
0.00012833684593075014,19842.07145505664,-0.02734380113079834,0.023710360229288567,1.0
0.0001375465641697969,22869.98126034236,-0.027599752785705565,0.024171813896575123,1.0
3.2308053869322146e-05,24560.21247054427,-0.027563814009094238,0.02472696379604872,1.0
9.516302201812244e-05,17709.947155557915,-0.02756136721899414,0.023513392217562393,1.0
7.033272420337472e-05,34154.0577361148,-0.027617213837158205,0.025703948566193333,1.0
0.00016674042461507085,23805.77849495903,-0.027653741361450195,0.024523364372178977,1.0
5.280082852993295e-05,22022.217516480003,-0.0275506717175293,0.0238898688984989,1.0
9.689030088852231e-05,25159.228186443583,-0.02755353844543457,0.02443763566216321,1.0
0.0001166497602572355,21046.921540059844,-0.027578860127807615,0.02378618657255782,1.0
9.398665216403114e-05,25172.708905609332,-0.027540948210632323,0.024495500758261696,1.0
7.234141911941907e-05,32628.549590875307,-0.027410702345764162,0.025662496739491784,1.0
0.00014188716122753804,29969.22883693855,-0.027461926401000977,0.025787017769819065,1.0
9.020681394544872e-05,24711.69498551869,-0.0273310271038208,0.023935233937255704,1.0
5.105407957725866e-05,49751.715165768386,-0.027476479158264164,0.02639287802182859,1.0
3.12522106228726e-05,48111.30158133588,-0.027456431071166992,0.026352531164795096,1.0
6.154301694470268e-05,29571.033305159362,-0.02657221046435547,0.004364426669609502,1.0
0.0001686763732631855,33756.96142604837,-0.02744429735430908,0.024732131725454368,1.0
0.0001120639904405531,37726.55071652452,-0.027448502029724122,0.024995778097715325,1.0
0.00013136961873761978,36797.743539039846,-0.027467435535461424,0.02490762791897107,1.0
9.777980279677624e-05,31675.554070998813,-0.027408666276428226,0.024545499352274486,1.0
9.195206902601964e-05,31067.45269656153,-0.026904766035461426,0.02512672889549422,1.0
0.000147523834278276,50383.41332337683,-0.027418273936645508,0.02814709715974062,1.0
0.0001965356454102466,29980.862325056947,-0.027676099255676267,0.025355172570976536,1.0
0.00013205816675091313,29584.080367949347,-0.02742032046624756,0.02486124888036989,1.0
7.60718260855861e-05,27345.150650184674,-0.027463045742736815,0.024660934187924304,1.0
4.527667906703174e-05,30601.779179796293,-0.02703801876031494,0.024948864266978267,1.0
7.783593360358535e-05,31314.8557352621,-0.027361729155334476,0.02498617817654788,1.0
6.699661448773636e-05,34479.16415584899,-0.02738544786175537,0.02574268899661062,1.0
0.000460953965651763,33361.139903159885,-0.027367403335998537,0.025408123058320815,1.0
8.753198003913048e-05,27601.907058671633,-0.027406411406860353,0.02438855802054397,1.0
6.963802466536124e-05,29199.006629134925,-0.02736579303869629,0.024676783699794966,1.0
7.982983797706922e-05,26545.70658006065,-0.0273587302678833,0.024371318071376574,1.0
8.243245821193172e-05,29563.23105370942,-0.027435137859619138,0.02494488407415524,1.0
0.00010887680434707466,31579.645732160225,-0.027433196224792483,0.024757619001114135,1.0
0.000279385708155583,63266.51269471137,-0.027366427051452636,0.029531433784345217,1.0
6.266349767495038e-05,32165.426172118485,-0.027308672386596677,0.02486563179481834,1.0
5.642130117324211e-05,32281.90284670566,-0.027487805059387208,0.024738102459644903,1.0
0.00010474376578067441,20278.15185111648,-0.027315434529724122,0.022821070447692774,1.0
0.00011701413176964851,26188.76559844936,-0.02728933201055908,0.023776965127730178,1.0
8.788420802231121e-05,20418.34181528118,-0.027180621072143557,0.022903043601658086,1.0
0.00010200932069834295,19438.644338728198,-0.0272307069586792,0.0228549449047422,1.0
8.314604962736486e-05,28122.53084513195,-0.02689993308062744,0.02388466192364559,1.0
0.00013283940636976417,26793.896525469256,-0.02717746569934082,0.023696122811089168,1.0
8.555252676782359e-05,28941.19034606704,-0.027366315509887693,0.02390743826942543,1.0
0.00012537525070463237,37505.784470581166,-0.027249228560302735,0.02492964948741265,1.0
5.641748464735925e-05,28220.034906459863,-0.027291210200744632,0.023678085781828423,1.0
7.866849939959184e-05,34313.831439289526,-0.02708982204321289,0.024102970748933,1.0
0.00010822301640968891,35433.041089601524,-0.02706479591241455,0.025433197545550693,1.0
8.397415047146541e-05,36156.82315363515,-0.027234216464782714,0.025276879197411124,1.0
0.00021708586523907236,31720.065468867386,-0.026506523091125486,0.005570801369552139,1.0
8.820138219266158e-05,22895.32529972601,-0.027227965834716795,0.02267615615379193,1.0
0.0001181552333259775,34484.539108347344,-0.02716917875543213,0.02480108749400605,1.0
5.997676368352213e-05,1811.5183896759124,-0.027208067728881836,0.020093299830880474,2.0
2.963258589175652e-05,3534.7121450187897,-0.027180632824829104,0.0200987016983245,2.0
7.123187649337566e-05,2378.891545548871,-0.027106039638671878,0.020087277124438568,2.0
6.322277834972038e-05,4289.405100582307,-0.02709175363519287,0.02006481866329073,2.0
5.929252895235382e-05,3309.203130591857,-0.02713227282733154,0.020055744011436838,2.0
4.6284656909314454e-05,3924.9256843514495,-0.02715031699194336,0.020104583256548205,2.0
4.234748393819788e-05,10534.574890744625,-0.027142603794799804,0.020608940071770603,2.0
5.966560724084125e-05,3159.4667464590193,-0.027111213125671385,0.020067437272348564,2.0
3.365713873865356e-05,4858.116445081034,-0.027099281491210936,0.020162500840908468,2.0
4.989155850748513e-05,3690.71423054793,-0.027124946088134764,0.020168763406715483,2.0
0.0003483124108329286,37463.4979676294,-0.027135519430358888,0.023431467908328042,2.0
9.464004737641253e-05,8552.616790424578,-0.027188766346069336,0.02051883479439526,2.0
4.959245448269287e-05,5668.685038771054,-0.027165972409606935,0.020279817410964733,2.0
3.539927335436889e-05,4076.4453020981346,-0.027186430713500978,0.020080403861296434,2.0
1.2242834561754306e-05,3855.8028960304778,-0.027126262798828123,0.019969011207275494,2.0
8.018736364003503e-05,3717.4333675355047,-0.02711042043640137,0.019947420486655532,2.0
5.831076686084435e-05,3418.0956866293086,-0.02727501800579834,0.01999803824471524,2.0
7.328979165027274e-05,2559.4282150721765,-0.027102354287048342,0.019837151939868,2.0
6.314095683910985e-05,2381.7963968804615,-0.027071725827941893,0.019882857224348533,2.0
4.769549794053831e-05,4070.897520364433,-0.027192820707824705,0.019970629210411248,2.0
2.9304122956435733e-05,1750.134574809815,-0.0271328002210083,0.019762850267708083,2.0
6.543493418587301e-05,1910.380116047844,-0.026645744020874024,0.019786999361237827,2.0
1.9144640532422616e-05,2701.559760633384,-0.027116201852783205,0.019827520399387167,2.0
2.877441662918836e-05,2079.515623907026,-0.02722354263458252,0.019613493427925104,2.0
3.63191549729221e-05,2749.253803622448,-0.027084063764465333,0.0198244056056018,2.0
9.102280331146342e-05,1276.542102841024,-0.02800949844525146,0.019559221026156728,2.0
4.452533399016362e-05,2158.530658717924,-0.027115745332641602,0.019650076410874018,2.0
7.644774985928316e-05,4418.504697435739,-0.02714770781512451,0.019838426852599983,2.0
4.621057355952142e-05,1304.36492762859,-0.02710929117590332,0.019605047605396355,2.0
4.6569683129521925e-05,2686.498238193861,-0.027047922874023436,0.019771785371791507,2.0
4.951663913274335e-05,1910.3833085530027,-0.027254199967163086,0.019668059055551905,2.0
5.913309857613577e-05,1070.0599691777943,-0.027152643458251954,0.019567225280977086,2.0
0.00010255847319553732,1518.8730365854206,-0.027114944646362306,0.019641008337096862,2.0
7.41186994222937e-05,3397.2686688651324,-0.02712115617401123,0.019511630779751828,2.0
4.476946733289329e-05,2577.622288801803,-0.027201792708740232,0.019484544069466817,2.0
5.642398065820533e-05,17521.686506865142,-0.02717203427178955,0.021437488332479264,2.0
5.2544379776001985e-05,3694.449122307556,-0.027147513019042967,0.019900043134347734,2.0
3.355359666220618e-05,5298.6763479013325,-0.027177625038452148,0.019991928408197336,2.0
2.571585733947255e-05,2668.032239591259,-0.0272246676116333,0.019847556385896203,2.0
4.1031783555785245e-05,3998.290229186787,-0.027306072315429687,0.01989882042144224,2.0
3.33241721738929e-05,3798.87700783011,-0.02715017545568848,0.019900090052977073,2.0
3.517951108708444e-05,8373.688875727568,-0.027172299734008788,0.02020593040110156,2.0
6.826557278158865e-05,5631.701435098986,-0.026388451590270996,0.019729724998132553,2.0
9.504563771156808e-05,3112.270266811515,-0.027149716786560057,0.01971613600397214,2.0
3.475114594270982e-05,1863.221100808326,-0.027291239546813964,0.019659002900251406,2.0
7.01242617922412e-05,2553.3087981540098,-0.02717608992346191,0.019675048045972338,2.0
3.6430546209298164e-05,4362.98742670349,-0.027959896117858887,0.01983046977097229,2.0
3.9764467670079076e-05,1398.7027604441294,-0.02716901346838379,0.01959039038027104,2.0
9.77746325462472e-05,4790.1843721579335,-0.027133243869140622,0.01969777062066978,2.0
0.0001689567895671974,4692.744068886437,-0.027097622030639645,0.0195987511772834,2.0
5.6810579640452633e-05,2585.903805810285,-0.02716234898968506,0.01955536786292133,2.0
0.00010447878881557167,3353.5716062417646,-0.02719776423309326,0.019588558407716162,2.0
3.194253645205172e-05,2889.1102600283452,-0.027185239450683595,0.01953307336270396,2.0
3.791736221442306e-05,2633.283542919604,-0.02727500729663086,0.019543204714228164,2.0
5.4424204112201966e-05,3275.593756920302,-0.027120980345825194,0.019641220934926883,2.0
7.752312808443978e-05,4126.773964036794,-0.02708960224572754,0.019538930763900564,2.0
3.513904527620025e-05,3353.03473973506,-0.027148298667541503,0.019792499626811202,2.0
6.768066128587487e-05,1790.7783682408806,-0.027127602159729005,0.01946121936027365,2.0
4.627282211849761e-05,3144.2981375787886,-0.02716891646875,0.019638475051685297,2.0
5.4312197271160756e-05,4757.217137056673,-0.02701978807348633,0.019757208487658034,2.0
3.3716960767684974e-05,3858.687453488631,-0.027100011664550783,0.0198304634246615,2.0
8.296851939318914e-05,3356.3221013082193,-0.027168516756774903,0.019597644310559725,2.0
8.632902024576815e-05,2519.8054334015615,-0.027155287274780275,0.019615587583760346,2.0
5.240864212526548e-05,3323.8899170077516,-0.027154713050964355,0.019624532371937255,2.0
6.321975249023166e-05,2655.590471701114,-0.027031950765014648,0.019561530591728254,2.0
5.487222156247373e-05,1677.1622201129787,-0.0268693828638916,0.019428070380446173,2.0
3.4579978405498766e-05,3980.1196513930927,-0.027063703465087893,0.01958183894341203,2.0
5.288896095472877e-05,1193.8275847731677,-0.027095568522277833,0.01931903636092224,2.0
2.8257539662092033e-05,1961.94213086927,-0.027157931845336915,0.019546061297391545,2.0
4.9302305170440875e-05,3810.7582079930453,-0.027053559959411617,0.01967266957424721,2.0
5.794625131403355e-05,2783.2483640649866,-0.027105011250732423,0.019563263173806113,2.0
0.00011915273419543913,2331.9764753283216,-0.027139879781677242,0.019556924830664492,2.0
7.216268892958628e-05,1963.9168111059857,-0.027208985777648926,0.019492990121734145,2.0
5.172692072502591e-05,2791.116237681121,-0.027630894823913572,0.01944790246500983,2.0
0.00010741680428470069,2107.644372219464,-0.02712440241668701,0.01935249987377613,2.0
6.553164636039746e-05,1728.8531247482522,-0.026446771328063962,0.019325927065403318,2.0
6.808844127728358e-05,3236.3013751312906,-0.027102556103576658,0.019568338489173297,2.0
4.815108879748356e-05,2278.6498278153995,-0.027656704963928223,0.019502081204820713,2.0
5.8521398293609104e-05,1450.5252333826097,-0.02706176254730225,0.01939608094288156,2.0
2.6917037128176916e-05,2849.1617037092988,-0.027617972572692873,0.019478499650465775,2.0
4.848172441412624e-05,3217.742862379897,-0.027088984494934083,0.01950741285679092,2.0
3.5940986602663e-05,5578.968359812761,-0.026966749233764648,0.01975870677823648,2.0
2.3980202831537008e-05,2726.247426955826,-0.02705766360333252,0.019509879917310704,2.0
5.422819577248125e-05,5770.397084041652,-0.02703318318914795,0.01951783440985339,2.0
3.6658050567557507e-05,1874.7744357605304,-0.02694840686260986,0.019280338674403465,2.0
5.198018502180418e-05,4834.31588389008,-0.026961744668457032,0.019435058939465375,2.0
5.435436501381671e-05,1765.9276818701787,-0.0268622619185791,0.01927405851727917,2.0
3.773577660054456e-05,544.2010378277076,-0.026865988198181152,0.018977449147511132,2.0
6.805309739381916e-05,4588.3572217767705,-0.026962111338989257,0.019537257242908543,2.0
7.916587295706187e-05,3091.0458982644577,-0.027019000214172362,0.01935412750435316,2.0
6.43430091574332e-05,3793.1774530182347,-0.026982572447875976,0.019320198683312195,2.0
6.932352245666979e-05,544.2643023538739,-0.02693347186126709,0.018943422265051465,2.0
5.114477071414955e-05,3715.031817183427,-0.026925504068359377,0.019397210441502995,2.0
6.736243263155554e-05,4157.7111325687765,-0.026931313430053713,0.019152112469006784,2.0
9.277201504687087e-05,1896.9254732511793,-0.026972972375427246,0.019006199860682072,2.0
9.639526414241596e-05,891.4669071318713,-0.026880666472717286,0.0188739600973312,2.0
5.688629850510635e-05,3165.25835151011,-0.02689708629272461,0.01900903025205604,2.0
3.5804384540475916e-05,2643.9419079882514,-0.026968592173828125,0.018955640765295045,2.0
3.804854168832302e-05,840.7528488675127,-0.026973024433410646,0.01879521687009383,2.0
5.9533233990779546e-05,2751.766179601922,-0.02693546599279785,0.01890978381961574,2.0
6.779761413067008e-05,2806.0225379830877,-0.026950232749450683,0.01897811788900631,2.0
9.211315720180556e-05,915.9597350199736,-0.026913042770751953,0.018793971277943626,2.0
5.055326287003735e-05,2209.2087912376874,-0.02696237391644287,0.01904002919083214,2.0
0.0001005895817736627,3602.7129194143936,-0.027007474678466797,0.01886176804763053,2.0
4.5831964352600537e-05,1369.3794151465604,-0.02642503972595215,0.018681018373586003,2.0
6.004213306681852e-05,3303.9016170899085,-0.026957750947570802,0.018900350718917498,2.0
0.00013293523415197254,1281.7946931593465,-0.027766652579284665,0.018825782260430555,2.0
4.152213319853369e-05,2045.7697103012308,-0.026953115369750976,0.01885776016259192,2.0
5.91594884829341e-05,745.8430826344766,-0.026986919766967772,0.01860967403667624,2.0
7.987007850367144e-05,2425.062999854511,-0.027029254225219727,0.01905113642160309,2.0
5.6149926785453225e-05,2562.8631243641316,-0.027075947666687014,0.018925978704427887,2.0
7.415920266532935e-05,2443.78214398574,-0.0270526217890625,0.018951022924530277,2.0
2.4188302990113677e-05,11587.041803122755,-0.027150251910888674,0.019742095335094172,2.0
6.45736822593979e-05,4493.485192917782,-0.02705872154071045,0.019168504109973086,2.0
4.444667163128065e-05,2524.6999662003586,-0.026988660888366697,0.018844608967881062,2.0
4.356934038581251e-05,3928.520641373929,-0.026981631218627927,0.019000928782880015,2.0
5.2963402943087047e-05,2983.1568627434403,-0.027088349740905765,0.0189868245797806,2.0
8.884056617887493e-05,1337.9757693833515,-0.026781533721801757,0.018733191253011403,2.0
3.854271016223743e-05,3608.01974808219,-0.02696027249133301,0.019103109528126338,2.0
0.00013724986081119802,12735.059922923665,-0.02710181962762451,0.02116907635273535,3.0
9.844869893642899e-05,5767.618505884824,-0.02709928650701904,0.02033907720244609,3.0
2.2130852118883487e-05,6478.679384440991,-0.027179499417175297,0.02039075409543279,3.0
9.054064709923601e-05,49461.1970296705,-0.02713565622680664,0.027098750767701317,3.0
9.313246738496045e-05,13572.235956179306,-0.02717869320385742,0.021579761150472204,3.0
8.305619778347958e-05,4483.693494727331,-0.027198728423156737,0.02038328599455842,3.0
4.916661114119442e-05,4190.350023290644,-0.02713063377984619,0.020345553510951485,3.0
0.00011706936181750053,6379.137639676736,-0.02713942183483887,0.020428342492061918,3.0
0.00015872832513881143,4712.099235510587,-0.027215316309204103,0.02034123870243114,3.0
9.156359462514211e-05,3805.224173346743,-0.027184492228637697,0.02017939528159742,3.0
7.066678965583127e-05,3136.492196625828,-0.027671363110961914,0.020070329904981244,3.0
4.5652890380717644e-05,5096.722297215251,-0.027184217253051757,0.020421853235604925,3.0
8.274574135695682e-05,2575.1096765495718,-0.027007094691650392,0.02003590204512968,3.0
0.00011314887382320057,10343.511840861916,-0.02725588105236816,0.020753136460853652,3.0
5.3331789034263445e-05,14943.743374598278,-0.02722711010723877,0.021703509648881302,3.0
7.670319559656401e-05,29967.28476606105,-0.02723663385437012,0.023660010825856097,3.0
4.5309420926022515e-05,19015.553956563384,-0.027205072208007816,0.021335447696213494,3.0
0.00010987732503834611,14040.216031400605,-0.027195332450683597,0.021692157033523285,3.0
7.692662543721831e-05,18319.417811970667,-0.02718910903692627,0.022266803314847757,3.0
8.123413104795955e-05,31698.547744354753,-0.027255184059570316,0.024392570717059827,3.0
9.021596938264064e-05,9733.695066969163,-0.02714633325695801,0.02049880656713151,3.0
9.810353448136919e-05,5844.732642888268,-0.027270292544555666,0.020554780478986505,3.0
0.0001388418869224681,3491.053902274892,-0.0271511691027832,0.0202381879242584,3.0
3.5028824909566325e-05,2074.1296361278432,-0.027151776526489257,0.020103085154928646,3.0
9.157045499766803e-05,392.8414455564805,-0.027224948840393066,0.01990979023810883,3.0
8.006245829261621e-05,527.7951095654845,-0.027226035957397463,0.01990710929364118,3.0
6.663423187381016e-05,68.00125805183895,-0.027110075441955567,0.019874214381097207,3.0
7.542031937526509e-05,1840.8006486953923,-0.026977460651245115,0.020097888610990253,3.0
5.771557653429538e-05,1865.3556137308524,-0.027179077333374026,0.020080307922200707,3.0
8.914528873635473e-05,395.08094552733417,-0.02729053941387939,0.02002041261339066,3.0
3.844870519954558e-05,848.4905082318755,-0.027198425951599124,0.020162064191708677,3.0
7.588797182885947e-05,4687.633912456713,-0.02707408904663086,0.020241052037717273,3.0
8.29931601216997e-05,1721.9146773040789,-0.02713848060595703,0.020181630268446948,3.0
5.171769465572704e-05,7978.514019755235,-0.027172871939331055,0.020780218490664026,3.0
7.355885342707395e-05,4126.411414179413,-0.027184942119262694,0.020534678950057565,3.0
5.2177235867018244e-05,5073.962003865663,-0.027269079923950196,0.020360243456446662,3.0
0.00010285119597643757,4974.841743610656,-0.027157785578613283,0.02058050161275892,3.0
8.220391320984333e-05,9298.732536057252,-0.027199409064453124,0.021319550210835585,3.0
3.11684071281186e-05,5202.276926732113,-0.027207647077209473,0.020593256681031853,3.0
5.987522371565518e-05,10126.974468746484,-0.02714427048162842,0.02127867876561094,3.0
5.147831854877788e-05,6007.308949354741,-0.027348613019714356,0.020647352701904775,3.0
0.00012892685887798907,3091.6263856898704,-0.02712301057342529,0.020657845054446705,3.0
0.00010056557595752731,1524.7284144125636,-0.027167585061828613,0.020495003946904004,3.0
7.537550061664097e-05,8899.084382669585,-0.027081413997680666,0.020563583576823922,3.0
8.15296705072076e-05,2526.741178621184,-0.0271517864342041,0.02047533701259743,3.0
0.00012974890450362194,2819.100257110698,-0.02720621804510498,0.020276470086081945,3.0
9.258919272214908e-05,12184.384377182158,-0.027251742044189453,0.021146384192399063,3.0
9.344578694899186e-05,2211.580705720281,-0.02720590057183838,0.020284944346488032,3.0
8.592609598274095e-05,5125.904523776745,-0.027218773927368163,0.02058339671081496,3.0
3.4611324493961606e-05,2925.9518468294837,-0.02715859386553955,0.020261673021445888,3.0
4.4970810032394376e-05,621.1430057717429,-0.02719760765032959,0.020113509159745684,3.0
4.8648261222291335e-05,2002.4782235527944,-0.027260757472167968,0.020181662567743012,3.0
5.4388884618960266e-05,3929.4696327942324,-0.027135172724853517,0.02046329898832852,3.0
1.5572427085940455e-05,3256.3076043988567,-0.02720049155419922,0.020481488385970536,3.0
6.295436281947734e-05,2703.3203954967594,-0.027216183895446777,0.020367280329176726,3.0
8.5970241846477e-05,7828.519972294694,-0.027246636840270996,0.02092874775520872,3.0
3.729869663622713e-05,1887.7239847079416,-0.027363052870300296,0.02018939381344667,3.0
8.599966366259915e-05,3301.8997207501657,-0.027227781336181638,0.020261169079455327,3.0
2.047724787925018e-05,7837.4957247833045,-0.02721120781469727,0.020470275119964625,3.0
3.7601931358810395e-05,6316.92615094546,-0.02717266025445557,0.02034145917055361,3.0
6.0170141823467556e-05,3903.5465805689423,-0.027173817192443845,0.020231167883257652,3.0
7.337691548436693e-05,3624.5681074398913,-0.02721493388568115,0.020183846733630745,3.0
4.393681013928482e-05,7390.579886494266,-0.027143469586059572,0.020786956863569676,3.0
7.814491528083051e-05,8700.071252162927,-0.027244300381408692,0.021287829906770327,3.0
8.860283960086112e-05,5283.096195436709,-0.027218798388122557,0.02085425666621206,3.0
5.1671261830199205e-05,20860.453148701214,-0.027175762505371095,0.023051625922473343,3.0
2.9513027139508733e-05,3338.902141714182,-0.02728206800079346,0.020491504186781688,3.0
0.00022969155464428104,10856.946322937938,-0.02711295116192627,0.02156598373147537,3.0
4.2222368756331944e-05,6505.036436605332,-0.027117614601074216,0.020860580718542597,3.0
9.922274790908597e-05,9113.403111985288,-0.027138566615722656,0.021449578520383334,3.0
0.00011736734286198235,2092.634579695675,-0.027198930199340818,0.020205216224453985,3.0
3.0004924859596686e-05,5844.553299094866,-0.02712821055126953,0.020289551996085127,3.0
1.6065862848687258e-05,7802.965972793442,-0.027271960144104004,0.020954699577636945,3.0
7.981459222036096e-05,2438.2365868791217,-0.02721986383282471,0.01988191108638178,3.0
5.017560427010679e-05,3667.1200209473263,-0.027256463528015137,0.01997896122148177,3.0
0.00015398198218222452,24211.740511223117,-0.027203079832763676,0.022852976123842787,3.0
5.838118712045778e-05,4559.801590121553,-0.027283594597839356,0.020390692605416705,3.0
3.155582608312522e-05,1033.9315899657186,-0.027306071196899415,0.020376051708814083,3.0
6.147590930451577e-05,608.4956039677248,-0.027479035194763184,0.020300625107603675,3.0
6.983215215279983e-05,3919.7664876159843,-0.027332862812805177,0.020635287921728945,3.0
4.771689196716217e-05,4144.475883623527,-0.027317471512695313,0.020525166090556324,3.0
0.00014288231681053675,3340.1985951515217,-0.027359884241577148,0.020510144118038462,3.0
8.644849050213763e-05,6540.33320556435,-0.027021702303710933,0.020596941904292336,3.0
0.00011467532102446163,6718.2863108764695,-0.027140075305419925,0.020632143356054084,3.0
7.571782566949902e-05,8221.434219763996,-0.02776880065435791,0.02085972578072598,3.0
7.131876712476833e-05,10675.609763380779,-0.027386711527954105,0.021744592536502082,3.0
3.226303534309829e-05,2948.1029547642474,-0.0273132285111084,0.020679961235491894,3.0
4.421710913241122e-05,6357.084510536306,-0.02732653272399902,0.020947651458588457,3.0
0.0005423980080749592,27168.651311588612,-0.027348241656860353,0.02434234604427173,3.0
0.00015710302272591917,22391.30640387598,-0.027446922054626465,0.023330045396760382,3.0
3.425041610001989e-05,1494.9737633027687,-0.027274108401550295,0.020749153956720494,3.0
9.556714091241615e-05,5074.090030122221,-0.027195467425415037,0.02095994969701207,3.0
6.779485239958858e-05,6687.486273782694,-0.02735458896044922,0.02112815128295935,3.0
0.0001527963252587029,4926.5468431314675,-0.027370014685241698,0.021372198565297908,3.0
3.602505292894105e-05,3944.5645013093376,-0.027379695612548827,0.020968454803144392,3.0
8.714439691441022e-05,2350.6449492611036,-0.027286433719909665,0.021017773171515198,3.0
0.0001044889839247767,2965.013095612177,-0.02732870716729736,0.020998039317583893,3.0
5.258760707583528e-05,586.4039266972325,-0.02731500121142578,0.02092849846799232,3.0
0.00013038670686001458,179.33949574371846,-0.027137396074401854,0.020895373524960757,3.0
3.1531917338065976e-05,73.65872002422202,-0.027238367305236814,0.02078652371363996,3.0
0.00010435007004344786,280.12673129173413,-0.027257318415832524,0.020728739718977256,3.0
1.671713174310248e-05,231.17220893932443,-0.027328330658447263,0.0208605309102202,3.0
5.228317400255186e-05,154.9787248257764,-0.02726259044708252,0.02062942038679691,3.0
2.8109607773187878e-05,275.89700214820016,-0.027499466720581053,0.020755282706286966,3.0
0.00010071692876040963,45.77456805524607,-0.02730510240258789,0.02069320688209346,3.0
6.2601235599697e-05,233.84787872578215,-0.02728475202807617,0.020579531181552365,3.0
7.550398389494947e-05,83.1369298469314,-0.02720602708026123,0.020673223369239074,3.0
4.05960825786711e-05,62.70665189676673,-0.02644689520397949,0.020719165359728172,3.0
9.302573692676798e-05,188.62979452352525,-0.027500401690856935,0.020843971369366075,3.0
2.6483562340233044e-05,342.80990049193537,-0.027702381794311524,0.0206676523662121,3.0
7.808293979153831e-05,3178.375669702876,-0.027272946017456057,0.02083932678574689,3.0
4.094399339802379e-05,4061.0520438263943,-0.027304786479370118,0.021024398440691934,3.0
1.5875523683312748e-05,3187.6932287099366,-0.027313915137084963,0.021216862252552326,3.0
6.3874642436332e-05,12807.748255378629,-0.02711896113708496,0.02180132732939248,3.0
1.6608188729641128e-05,13356.843922370235,-0.027255519207519528,0.022876500687585698,3.0
0.0001170728055517194,30278.01745814624,-0.027202527026123045,0.024472595090928865,3.0
2.3996323422559115e-05,5086.473924039622,-0.02727271777142334,0.02153391353368954,3.0
6.781002541178006e-05,2081.7821794790366,-0.027296462621398926,0.021200451327615055,3.0
0.0001132064381656834,2926.852595965028,-0.027236780514587403,0.021282321347267222,3.0
4.414819180546683e-05,3540.7138148495746,-0.027198728909973144,0.021343045867275028,3.0
6.206794063798235e-05,3682.9715774864935,-0.027227077394348147,0.021289874360146066,3.0
7.160854740607981e-05,11925.138882581366,-0.027240014286987302,0.022234116424075672,3.0
3.791205396814634e-05,3063.7734820722408,-0.02726144270477295,0.02141717573770125,3.0
6.529462515960277e-05,10753.829665942594,-0.027261969289550783,0.022296151382457087,3.0
6.297961825601613e-05,8960.434839314472,-0.02718060432855225,0.02222826743800591,3.0
0.0001314137784361721,7439.2026486269415,-0.02725960952435303,0.02184500614827882,3.0
6.695891164818197e-05,1641.0804708747573,-0.027247741258361817,0.021372672558371653,3.0
4.7770125205731035e-05,3675.422390456812,-0.027257273411621093,0.021714483800313756,3.0
7.644720330816338e-05,7312.769851069968,-0.027139681130554198,0.021787366113492565,3.0
6.77453130633996e-05,6372.045781144644,-0.02714865215979004,0.021836600277077057,3.0
8.946693629247888e-05,5968.273680204055,-0.027190961192138673,0.021868745498011773,3.0
6.239986341372376e-05,7973.888403933193,-0.027232005215270996,0.021897105529556347,3.0
5.827157115036621e-05,7217.814797710214,-0.027234240581848146,0.021953313402245468,3.0
5.328618352143161e-05,7805.500580410708,-0.02723879135748291,0.022090520792329746,3.0
4.696688418555199e-05,5520.361438024556,-0.027109763722473146,0.02177878943237334,3.0
9.527390235945924e-05,3751.7481393668268,-0.027204367131469724,0.021437847607659943,3.0
6.720584089621306e-05,3142.588426245678,-0.02714419256463623,0.021378586230002963,3.0
0.00012419889011612936,2022.9667751934523,-0.026564211240722654,0.021277524085477537,3.0
7.426957589314244e-05,1482.4379995452493,-0.027327485671936033,0.021492699852374165,3.0
6.81930226716467e-05,313.2938180705769,-0.02797435845678711,0.021236129133104326,3.0
7.33281411261543e-05,332.4071478850976,-0.027268067068481446,0.021147922220128065,3.0
2.7738287296757735e-05,170.59071989454546,-0.027275729311889648,0.021077083462182615,3.0
6.990913694743395e-05,894.573389400459,-0.027220050822265623,0.021064219705342363,3.0
6.588310934393749e-05,137.56911705646363,-0.02722494925592041,0.021070210655160734,3.0
8.659699793305491e-05,152.33641688449987,-0.027170502535461428,0.021012724660074474,3.0
4.2222238396158144e-05,386.0411520253244,-0.0270959495513916,0.021000778661518046,3.0
7.015554982634242e-05,300.61091473730846,-0.027161048895202634,0.020891195465986164,3.0
5.5731688151101795e-05,295.69925040953734,-0.027198391920654298,0.021076465387600135,3.0
6.325299997168807e-05,379.8670990824595,-0.027177703963623047,0.02103413823297272,3.0
3.792283604240055e-05,73.27696408277177,-0.027172634454528808,0.020885511873097597,3.0
5.3404380644108944e-05,99.65952516698098,-0.027197226749084473,0.020825829251135825,3.0
2.281814674789226e-05,218.0461153973754,-0.02722933850146484,0.02079303780894891,3.0
0.00016460688285716254,923.0374100007299,-0.02724030643823242,0.02092156578078042,3.0
0.00010316802534383383,3491.523639026037,-0.027178780844421387,0.02115162657240471,3.0
6.97517005880649e-05,860.042450014883,-0.027133850286621092,0.020860638672630664,3.0
7.799534688207805e-05,982.6175125690118,-0.027022636574584962,0.020866736507752278,3.0
0.00016560006447996988,1859.8592804305692,-0.027006812919433593,0.020823751659945183,3.0
0.00015941702185962977,1811.7307176679078,-0.02711918396411133,0.020893784536203122,3.0
0.00010075981018087003,1613.6981031028872,-0.026573869827026367,0.020910334426024173,3.0
0.00011687353124053192,4081.4808112375963,-0.027224378119018556,0.021257762342223062,3.0
0.0006991377756789404,879.6996377754214,-0.02736401304400635,0.020994864442648253,3.0
7.424509285873367e-05,416.5107296697141,-0.02723264657470703,0.020633584632614718,3.0
9.40925614142885e-05,336.5895567914568,-0.0274429041116333,0.0206581329730856,3.0
0.0001064509922917286,2732.578859327599,-0.027198270244384766,0.02092404844038516,3.0
5.440963537401889e-05,90.87118348713946,-0.027108727168457032,0.02077562545361966,3.0
4.081508259538372e-05,202.99527511623884,-0.02714073555029297,0.020815775441730324,3.0
2.790598600827358e-05,107.36379086295914,-0.02717687663299561,0.020632552688028716,3.0
7.396900583083993e-05,61.34928079793309,-0.02665620141571045,0.020455801364203104,3.0
3.8141466902026576e-05,507.09106562701606,-0.027132459666625978,0.020747427203026903,3.0
5.4030060900929966e-05,539.9962979443508,-0.027050815062561035,0.02060528863097586,3.0
3.1125823999302795e-05,129.55151517078318,-0.027191654748168946,0.020703787545105365,3.0
4.864966283741801e-05,117.94205120797001,-0.026936374642517094,0.020498551727085236,3.0
5.3773957001525716e-05,66.23709478961563,-0.027201063040588377,0.02046697924225109,3.0
5.471193573096546e-05,120.4445097718664,-0.027754626141235354,0.020435610757959858,3.0
3.9106082502964755e-05,110.77891302554264,-0.02719768506604004,0.020519927789388492,3.0
0.00013492085829011196,133.32788417326265,-0.027232225326660156,0.020524631705664525,3.0
2.5703247829099742e-05,38.62517313618945,-0.027070102096252442,0.020247889545599928,3.0
4.300960778396826e-05,106.3961496328846,-0.02728557644165039,0.02045691732338442,3.0
9.316886238435676e-05,337.0284855374139,-0.027323209082458496,0.020372585419774797,3.0
4.5353885444228176e-05,87.39534715972859,-0.027207526138549806,0.02043749229105767,3.0
5.5727400093171664e-05,393.60172656902546,-0.02817970107550049,0.020433958493533785,3.0
7.376595743277692e-05,1356.2122651335424,-0.02731648336401367,0.020381596628333536,3.0
6.17580254196786e-05,4902.570231684395,-0.02735269581866455,0.020704050022519547,3.0
8.953146653247236e-05,3924.177043254367,-0.02725969917346191,0.020435289317891014,3.0
6.007700084926625e-05,2926.5999993848714,-0.02723781002960205,0.020365311909046207,3.0
6.126794132857055e-05,9693.899740659646,-0.0272542062041626,0.021153726141601645,3.0
7.777378490252999e-05,6658.35205898754,-0.02730037918157959,0.020776258431988392,3.0
4.136229814870546e-05,2766.3001946253153,-0.02723359034674072,0.02034309410287522,3.0
0.00011726122824149011,13684.95461877739,-0.027190142140319826,0.021995096943275408,3.0
3.754993131589608e-05,9769.10829191442,-0.027260173494934082,0.021467591762256696,3.0
1.9199482900978008e-05,5389.050818108334,-0.027258869982055664,0.020483911979928437,3.0
0.00013028509439548216,9487.126287978452,-0.027287544023559568,0.021411277877179717,3.0
4.0009607104318426e-05,6525.899821352694,-0.0271600747008667,0.020796157606651024,3.0
4.987035574237528e-05,2357.839279008092,-0.027224759236206056,0.020351387490883444,3.0
7.785087448229743e-05,2783.0860502343,-0.026682460996215823,0.020404112137183225,3.0
3.564131099543859e-05,239.28764845456485,-0.027334914440551757,0.02029261234502228,3.0
3.1276904787932724e-05,675.8760852521659,-0.027327508926757813,0.020457925650634052,3.0
